16099705;Öresund, Investment AB;ORES;SE0008321608
16783377;24SevenOffice;247;SE0010546911
16767869;2cureX AB;2CUREX;SE0010468124
16629434;AAC Clyde Space AB;AAC;SE0009268154
16099824;AAK AB;AAK;SE0011337708
16455725;AB Fastator;FASTAT;SE0015407382
16100356;ABB Ltd;ABB;CH0012221716
16102370;Abelco Investment Group;ABIG;SE0003617075
17399389;Abera Bioscience;ABERA;SE0015245097
16100665;Abliva AB;ABLI;SE0002575340
16329174;Absolent Air Care Group AB;ABSO;SE0006256558
16570430;Absolicon;ABSL;SE0007387022
17737243;Absolicon BTA;ABSL BTA;SE0017768518
16560049;AcadeMedia AB;ACAD;SE0007897079
16633296;Acarix AB;ACARIX;SE0009268717
17513506;Acast AB;ACAST;SE0015960935
16780412;Acconeer AB;ACCON;SE0010546242
16660018;Acosense;ACOS;SE0009580079
16631316;AcouSort AB;ACOU;SE0009189608
17471023;ACQ Bure AB SPAC;ACQ SPAC;SE0015657788
17072976;Acrinova AB ser. A;ACRI A;SE0015660014
17468283;Acrinova AB ser. B;ACRI B;SE0015660030
16100950;ACROUD AB;ACROUD;SE0001863291
16684439;Actic Group AB;ATIC;SE0009269467
16099711;Active Biotech AB;ACTI;SE0001137985
16674041;AcuCort;ACUC;SE0009695927
16548461;Acuvi AB;ACUVI;SE0017833171
16613368;AdderaCare AB;ADDERA;SE0009160922
16521462;AddLife AB ser. B;ALIF B;SE0014401378
16100332;Addnode Group AB ser. B;ANOD B;SE0000472268
16251199;Addtech AB ser. B;ADDT B;SE0014781795
16099881;ADDvise Group AB A;ADDV A;SE0001306119
16449846;ADDvise Group AB B;ADDV B;SE0007464862
17595418;Adtraction Group AB;ADTR;SE0016833149
17616540;Advanced SolTech Sweden AB;ASAB;SE0016101521
16317126;Advenica AB;ADVE;SE0006219473
17127196;Adventure Box Technology AB;ADVBOX;SE0012955276
16929650;Adverty;ADVT;SE0011724889
17280014;AegirBio AB;AEGIR;SE0014401121
16631099;Aerowash B;AERW B;SE0009346299
16863175;AFRICA ENERGY CORP.;AEC;CA00830W1059
16101978;Africa Oil Corp.;AOI;CA00829Q1019
16650030;Africa Resources;AFRI;SE0009496482
16294934;AFRY AB;AFRY;SE0005999836
16287553;Ages Industri AB ser. B;AGES B;SE0005799046
17568395;Agilit Holding AB;AGILIT;SE0016785513
16684540;Agtira B;AGTIRA B;SE0008588354
16111841;AIK Fotboll B;AIK B;SE0000598278
16633303;Aino Health AB;AINO;SE0009242555
16603120;Alcadon Group AB;ALCA;SE0008732218
16555690;Alelion Energy Systems AB;ALELIO;SE0008348072
16100498;Alfa Laval AB;ALFA;SE0000695876
17508132;Aligro Planet Acquisition AB SPAC A;APAC SPAC A;SE0015949540
16418154;Alimak Group AB;ALIG;SE0007158910
16165714;Alligator Bioscience AB;ATORX;SE0000767188
16720488;Alligo AB ser. B;ALLIGO B;SE0009922305
17383172;Alltainer;ALLT;SE0015192828
16085404;ALM Equity AB;ALM;SE0000540163
16085403;ALM Equity AB Pref;ALM PREF;SE0004109627
17622491;Alpcot Holding AB ser. B;ALPCOT B;SE0016845655
16099830;AlphaHelix;ALPH;SE0000885501
16270386;Alteco;ALTE;SE0005620408
16727175;AlzeCure Pharma AB;ALZCUR;SE0010133785
16443305;Alzinova AB;ALZ;SE0007413455
16682279;Ambea AB;AMBEA;SE0009663826
16102923;Amhult 2 B;AMH2 B;SE0001356932
17120872;Amido;AMIDO;SE0013042108
17494853;Amniotics AB;AMNI;SE0015961016
17310814;Amnode;AMNO;SE0014609194
16087089;Angler Gaming;ANGL;MT0000650102
17063009;Anima Group B;ANIMA B;SE0012569853
17398951;Annehem Fastigheter AB ser. B;ANNE B;SE0015221684
16670779;Annexin Pharmaceuticals AB;ANNX;SE0009664154
16100436;Anoto Group AB;ANOT;SE0010415281
16629662;Appspotr AB;APTR;SE0009267974
17571553;Aprendere Skolor AB;APRNDR;SE0015960778
16345207;Aptahem;APTA;SE0006543450
16099898;AQ Group AB;AQ;SE0000772956
17527637;Aquaticus Real Estate;AQUAT;SE0015244132
16101459;Arbona A;ARBO A;SE0003210590
17379170;Arbona B;ARBO B;SE0015193719
16460100;Arcane Crypto AB;ARCANE;SE0007614722
17518263;Archelon Natural Resources B;ALONNR B;SE0016101992
16334046;Arcoma AB;ARCOMA;SE0006219176
17752674;Arctic Blue Beverages AB;ARCTIC;SE0017769136
16101070;Arctic Minerals AB;ARCT;SE0000697948
16096051;Arctic Paper S.A.;ARP;PLARTPR00012
16877293;Arion Banki hf SDB;ARION SDB;SE0010413567
16101562;Arise AB;ARISE;SE0002095604
16786638;Arjo AB ser. B;ARJO B;SE0010468116
17505802;Arla Plast AB;ARPL;SE0015810817
17534486;Arlandastad Group AB;AGROUP;SE0016276851
16102946;AroCell AB (publ);AROC;SE0003883990
17515773;Aros Bostadsutveckling AB;AROS;SE0010547786
17414669;Aros Bostadsutveckling AB Pref B;AROS PREF B;SE0015195706
16757975;Artificial Solutions International AB;ASAI;SE0012323756
16916968;Asarina Pharma AB;ASAP;SE0011641794
16814490;Ascelia Pharma AB;ACE;SE0010573113
16724277;Aspire Global plc;ASPIRE;MT0001530105
16408922;ASSA ABLOY AB ser. B;ASSA B;SE0007100581
16100307;AstraZeneca PLC;AZN;GB0009895292
16693919;Athanase Innovation AB;ATIN;SE0015810007
16403238;Atlas Copco AB ser. A;ATCO A;SE0017486889
16403239;Atlas Copco AB ser. B;ATCO B;SE0017486897
16099879;Atrium Ljungberg AB ser. B;ATRLJ B;SE0000191827
16776984;Attana;ATANA;SE0010547273
16474900;Attendo AB;ATT;SE0007666110
16783378;Atvexa AB ser. B;ATVEXA B;SE0010599704
16101873;Auriant Mining AB;AUR;SE0001337213
16101734;Autoliv Inc. SDB;ALIV SDB;SE0000382335
16099806;Avanza Bank Holding AB;AZA;SE0012454072
16099887;Avensia AB;AVEN;SE0000671745
17509327;Aventura Group AB ser. B;AVENT B;SE0015961438
16082846;Avtech Sweden AB B;AVT B;SE0004270445
16774949;Awardit AB;AWRD;SE0010101824
16393283;Axfood AB;AXFO;SE0006993770
16215966;aXichem AB ser. A;AXIC A;SE0005250719
16300282;Axkid;AXKID;SE0005934452
16647088;Axolot Solutions Holding AB;AXOLOT;SE0009414303
16694356;Ayima Group AB ser. B;AYIMA B;SE0009888506
16960451;Azelio AB;AZELIO;SE0011973940
16558617;B3 Consulting Group AB;B3;SE0008347660
17431787;Backaheden;BACKA;SE0015221619
16298993;Bactiguard Holding AB ser. B;BACTI B;SE0005878741
16100474;Bahnhof B;BAHN B;SE0010442418
16759330;Balco Group AB;BALCO;SE0010323998
16683371;Bambuser AB;BUSER;SE0009663834
17708021;Bawat Water Technologies AB;BAWAT;SE0017487424
16821421;BBS-Bioactive Bone Substitutes;BONES;FI4000260583
16100001;BE Group AB;BEGR;SE0008321921
17577959;BeammWave AB ser. B;BEAMMW B;SE0016799068
16099710;Beijer Alma AB ser. B;BEIA B;SE0011090547
16100434;Beijer Electronics Group AB;BELE;SE0000671711
16082794;Beijer Ref AB ser. B;BEIJ B;SE0015949748
17567407;BellPal Holding;BELLP;SE0016589113
16100655;Beowulf Mining SDB;BEO SDB;SE0002457796
16082878;Bergman & Beving Aktiebolag ser. B;BERG B;SE0000101362
16099715;Bergs Timber AB ser. B;BRG B;SE0000101297
16288892;Besqab AB;BESQ;SE0005991411
16406506;Betsson AB ser. B;BETS B;SE0015672282
16875951;Better Collective A/S;BETCO;DK0060952240
16951684;Beyond Frames;BEYOND;SE0011614965
16843543;BHG Group AB;BHG;SE0010948588
16757961;BiBBInstruments;BIBB;SE0010102095
16612661;BICO Group AB;BICO;SE0013647385
16407736;Bilia AB ser. A;BILI A;SE0009921588
16100496;BillerudKorsnäs AB;BILL;SE0000862997
16240543;BIMobject AB;BIM;SE0011644376
16204345;Binero Group AB;BINERO;SE0005249570
16781400;Bio-Works Technologies AB;BIOWKS;SE0007387089
16761068;BioArctic AB ser. B;BIOA B;SE0010323311
17534082;Bioextrax;BIOEX;SE0016276752
17245778;Biofrigas;BIOF;SE0014262887
16099772;BioGaia AB ser. B;BIOG B;SE0000470395
16100483;BioInvent International AB;BINV;SE0015244520
17511190;Biosergen AB;BIOSGN;SE0016013460
16684567;Bioservo Technologies AB;BIOS;SE0009779085
16100440;Biotage AB;BIOT;SE0000454746
16405691;Björn Borg AB;BORG;SE0015811807
16291159;Blick Global Group;BLICK;SE0005962362
17416447;Bluelake Mineral;BLUE;SE0015382148
16852095;Bodyflight;BODY;SE0011089929
17515059;Bokusgruppen AB;BOKUS;SE0016074256
16100497;Boliden AB;BOL;SE0017768716
17762949;Boliden AB IL;BOL IL;SE0017768724
17337814;BoMill AB;BOMILL;SE0014583332
16419520;Bonäsudden Holding AB;BONAS;SE0007157953
16560067;Bonava AB ser. A;BONAV A;SE0008091573
16560068;Bonava AB ser. B;BONAV B;SE0008091581
16714413;BONESUPPORT HOLDING AB;BONEX;SE0009858152
16099716;Bong AB;BONG;SE0000396061
16275168;Bonzun AB;BONZUN;SE0017082506
16706443;Boozt AB;BOOZT;SE0009888738
17753343;Bosjö Fastigheter;BOSJO;SE0017767718
17756679;Bosjö Fastigheter IL;BOSJO IL;SE0017767726
16101305;Botnia Exploration Holding AB;BOTX;SE0010494708
16103081;Boule Diagnostics AB;BOUL;SE0011231158
17631573;BPC Instruments;BPCINS;SE0017130826
16274944;BrainCool;BRAIN;SE0005731833
17761563;BrandBee;BRANDB;SE0017885155
16458023;Bravida Holding AB;BRAV;SE0007491303
16099776;Bredband2 i Skandinavien AB;BRE2;SE0000648669
17613693;Bricknode Holding AB ser. B;BRICK B;SE0016288591
16082649;Brighter AB;BRIG;SE0004019545
17515537;Brilliant Future AB;BRILL;SE0015811625
16609110;Brinova Fastigheter AB ser. B;BRIN B;SE0008347652
16573873;Briox;BRIX;SE0008588131
16100479;BTS Group AB ser. B;BTS B;SE0000805426
16265486;Bufab AB;BUFAB;SE0005677135
16829392;BuildData Group AB;BUILD;SE0010869487
16102934;Bulten AB;BULTEN;SE0003849223
16084516;Bure Equity AB;BURE;SE0000195810
17599724;Byggfakta Group Nordic HoldCo AB;BFG;SE0016798581
16341926;Byggmästare Anders J Ahlström Holding AB;AJA B;SE0006510491
16101764;Byggmax Group AB;BMAX;SE0003303627
16631492;ByggPartner i Dalarna Holding AB;BYGGP;SE0009242324
16304899;C Security;CSEC;SE0005991981
16101451;C-RAD AB ser. B;CRAD B;SE0002016352
16960264;CAG Group AB;CAG;SE0011923341
16888044;Calliditas Therapeutics AB;CALTX;SE0010441584
16874570;Calmark B;CALMA B;SE0011116524
16476218;Camurus AB;CAMX;SE0007692850
17587720;Candles Scandinavia AB ser. B;CANDLE B;SE0016797773
16377859;Cantargia AB;CANTA;SE0006371126
17108362;Carbiotix;CRBX;SE0013016128
17642116;Careium AB;CARE;SE0017131824
17586564;Cary Group Holding AB;CARY;SE0016609671
17611480;Case Group AB;CASE;SE0017082514
16099785;Castellum AB;CAST;SE0000379190
16100724;Catella AB ser. A;CAT A;SE0000188500
16100725;Catella AB ser. B;CAT B;SE0000188518
16099758;Catena AB;CATE;SE0001664707
16505552;Catena Media P.L.C;CTM;MT0001000109
16103600;Cavotec SA;CCC;CH0136071542
17377898;CDON AB;CDON;SE0015191911
17509302;Cedergrenska AB;CEDER;SE0015949946
16176989;Cell Impact AB;CI;SE0017885379
16100323;CellaVision AB;CEVI;SE0000683484
16545131;Cereno Scientific B;CRNO B;SE0008241558
16796467;CGit B;CGIT B;SE0010636837
17621008;ChargePanel AB;CHARGE;SE0017083835
17494039;Checkin.com Group AB;CHECK;SE0015810502
16659455;Chordate Medical Holding AB;CMH;SE0009495559
16312293;Christian Berner Tech Trade AB ser. B;CBTT B;SE0006143129
16661756;ChromoGenics AB;CHRO;SE0014730719
16825200;Cibus Nordic Real Estate AB;CIBUS;SE0010832204
17439882;Cint Group AB;CINT;SE0015483276
17376003;CirChem AB;CIRCHE;SE0015193529
16100367;Clas Ohlson AB ser. B;CLAS B;SE0000584948
16222220;Clavister Holding AB;CLAV;SE0005308558
16937854;Clean Industry Solutions Hold Europe AB;CISH;SE0011762517
16540587;Clean Motion AB;CLEMO;SE0008216303
16251636;Clemondo Group AB;CLEM;SE0005504669
16758930;Climeon AB ser. B;CLIME B;SE0009973548
16385180;Cline Scientific AB ser. B;CLINE B;SE0006758231
16100917;Clinical Laserthermia Systems AB ser. B;CLS B;SE0002756130
16100744;Cloetta AB ser. B;CLA B;SE0002626861
16200360;Coala-life Group AB;COALA;SE0017083983
17417683;CodeMill AB;CDMIL;SE0013914819
17251968;Coegin Pharma;COEGIN;SE0014262218
17448709;CoinShares International Ltd;CS;JE00BLD8Y945
16411143;Collector AB;COLL;SE0007048020
16341939;Combigene AB;COMBI;SE0016101935
16973094;CombinedX AB;CX;SE0012065589
16958148;Comintelli;COMINT;SE0011751569
16681154;Compare-IT;COMPIT;SE0009606593
17599091;Compodium International AB;COMPDM;SE0016844468
16084962;Concejo AB ser. B;CNCJO B;SE0000236382
16103056;Concentric AB;COIC;SE0003950864
16099789;Concordia Maritime AB ser. B;CCOR B;SE0000102824
17373660;Consensus B;CAM B;SE0015191739
16409921;Coor Service Management Holding AB;COOR;SE0007158829
16100180;Copperstone Resources AB ser. B;COPP B;SE0001915190
16101458;Corem Property Group AB Pref;CORE PREF;SE0010714311
16101022;Corem Property Group AB ser. A;CORE A;SE0010714279
16787185;Corem Property Group AB ser. B;CORE B;SE0010714287
17529455;Corem Property Group AB ser. D;CORE D;SE0015961594
16388224;Corline Biomedical AB;CLBIO;SE0006887451
16101720;Cortus Energy AB;CE;SE0001296542
16082866;Creades AB A;CRED A;SE0015661236
17531015;Creaspac AB SPAC;CPAC SPAC;SE0016075691
16110438;Crown Energy;CRWN;SE0004210854
16617564;Crunchfish AB;CFISH;SE0009190192
17591300;CTEK AB;CTEK;SE0016798763
16100300;CTT Systems AB;CTT;SE0000418923
16690065;Curira B;CURIRA B;SE0009805401
16540580;Cyxone AB;CYXO;SE0007815428
16169669;Dala Energi AB;DE;SE0000201253
16468553;Dalsspira Mejeri;SPIRA;SE0007640297
16308316;DDM Holding AG;DDM;CH0246292343
16102858;Dedicare AB ser. B;DEDI;SE0003909282
17450512;Desenio Group AB;DSNO;SE0015657853
16780735;DevPort AB ser. B;DEVP B;SE0010546622
17544698;Devyser Diagnostics AB;DVYSR;SE0016588867
16284611;DexTech Medical;DEX;SE0005881489
16099771;Diös Fastigheter AB;DIOS;SE0001634262
16100326;Diadrom Holding AB;DIAH;SE0001606906
17521207;Diagonal Bio AB;DIABIO;SE0015961826
16193492;Diamyd Medical AB ser. B;DMYD B;SE0005162880
16101010;Dignitana AB;DIGN;SE0002108001
16102819;DistIT AB;DIST;SE0003883800
16886109;Divio Technologies AB ser. B;DIVIO B;SE0011311554
17458492;Dlaboratory Sweden AB;DLAB;SE0015658380
16102369;Dome Energy AB;REATO;SE0011415710
16476395;Dometic Group AB;DOM;SE0007691613
16099723;DORO AB;DORO;SE0000215493
16420665;Double Bond Pharmaceutical B;DBP B;SE0007185525
16260623;Doxa AB;DOXA;SE0005624756
16099810;Drillcon AB;DRIL;SE0001770702
16864669;DS Plattformen B;DSPAB B;SE0011204858
17484056;Duearity AB;DEAR;SE0015949482
16100452;Duni AB;DUNI;SE0000616716
16100365;Duroc AB ser. B;DURC B;SE0000331266
16366184;Dustin Group AB;DUST;SE0006625471
16100448;Eastnine AB;EAST;SE0002158568
16100317;EasyFill B;EASY B;SE0002039222
16661516;EatGood;EATG;SE0009548597
16828242;eBlitz Group;EBLITZ;SE0009580756
17062392;Eco Wave Power Global AB;ECOWVE;SE0012569663
17063000;Ecoclime Group AB ser. B;ECC B;SE0012729937
16102500;ECOMB;ECOM;SE0004051068
17255231;Ecore Group;ECORE;SE0013888963
16101788;EcoRub B;ECO B;SE0003273531
17534122;ECTIN RESEARCH B;ECTIN B;SE0015987714
17587018;eEducation Albert AB;ALBERT;SE0016797989
17516285;Eevia Health;EEVIA;FI4000496658
17513533;Effnetplattformen Holding AB;EFFH;SE0015987565
16102762;Egetis Therapeutics AB;EGTX;SE0003815604
17438769;Ekobot AB;EKOBOT;SE0015346812
16099728;Elanders AB ser. B;ELAN B;SE0000119299
16100977;Electra Gruppen AB;ELEC;SE0001572520
17231457;Electrolux Professional AB ser. B;EPRO B;SE0013747870
16101793;Electrolux, AB ser. A;ELUX A;SE0016589170
16101863;Electrolux, AB ser. B;ELUX B;SE0016589188
16085191;Elekta AB ser. B;EKTA B;SE0000163628
17425250;Elicera Therapeutics AB;ELIC;SE0015382080
16100373;Ellen AB;ELN;SE0014730347
17389894;ELLWEE AB;ELLWEE;SE0015221221
16099767;Elos Medtech AB ser. B;ELOS B;SE0000120776
16366344;Eltel AB;ELTEL;SE0006509949
17470532;Embellence Group AB;EMBELL;SE0013888831
16623696;Embracer Group AB ser. B;EMBRAC B;SE0016828511
16099934;Empir Group AB ser. B;EMPIR B;SE0010769182
17519175;Emplicure AB;EMPLI;SE0015812391
16775062;Enad Global 7 AB;EG7;SE0010520106
16100347;Endomines AB;ENDO;SE0008294334
16403230;Enea AB;ENEA;SE0009697220
17277351;Energy Save B;ESGR B;SE0014428447
16100351;EnergyO Solutions Russia AB;EOS;SE0002016261
16695760;Enersize Oyj;ENERS;FI4000233317
16100456;Eniro Group AB;ENRO;SE0011256312
17369051;Eniro Group AB Pref A;ENRO PREF A;SE0014957320
16087090;Eniro Group AB Pref B;ENRO PREF B;SE0016278071
16542339;Enorama Pharma AB;ERMA;SE0008216329
16101584;EnQuest PLC;ENQ;GB00B635TG28
16712645;Enrad;ENRAD;SE0009994858
16282459;Envirologic B;ENVI B;SE0005704095
16103044;Enzymatica AB;ENZY;SE0003943620
16886538;Epiroc AB ser. A;EPI A;SE0015658109
16886539;Epiroc AB ser. B;EPI B;SE0015658117
16102060;Episurf Medical AB B;EPIS B;SE0003491562
17208380;EPTI AB;EPTI;SE0013774668
16247828;EQL Pharma;EQL;SE0005497732
17117956;EQT AB;EQT;SE0012853455
16101885;Ericsson, Telefonab. L M ser. A;ERIC A;SE0000108649
16101929;Ericsson, Telefonab. L M ser. B;ERIC B;SE0000108656
16709358;ESEN eSports;ESEN;SE0009889157
16714418;Essity AB ser. A;ESSITY A;SE0009922156
16714419;Essity AB ser. B;ESSITY B;SE0009922164
17454734;Euroafrica Digital Ventures AB;EURA;SE0015660345
17027290;Eurobattery Minerals;BAT;SE0012481570
17417651;Eurocine Vaccines;EUCI;SE0015382155
16100471;Eurocon Consulting;EURO;SE0002222596
16100748;European Institute of Science B;EURI B;SE0000488744
17522234;Everysport;EVERY;SE0016127831
16377849;Evolution AB;EVO;SE0012673267
16101413;eWork Group AB;EWRK;SE0002402701
16200671;Exalt;EXALT;SE0005223542
16560056;ExpreS2ion Biotech Holding AB;EXPRS2;SE0008348262
17237648;Exsitec Holding AB;EXS;SE0014035762
16570691;Eyeonid Group;EOID;SE0007280482
16099701;Fabege AB;FABG;SE0011166974
16290047;Fagerhult, AB;FAG;SE0010048884
17451073;Fantasma Games AB;FAGA;SE0015557053
17395528;Fasadgruppen Group AB;FG;SE0015195771
16100369;Fastighets AB Balder ser. B;BALD B;SE0000455057
16719246;Fastighets AB Trianon ser. B;TRIAN B;SE0009921471
17595697;Fastighetsbolaget Emilshus AB Pref;EMIL PREF;SE0016785794
16478869;Fastout Int;FOUT;SE0007525738
16099798;Fastpartner AB ser. A;FPAR A;SE0013512506
17158191;Fastpartner AB ser. D;FPAR D;SE0013512514
16995414;Ferroamp Elektronik AB;FERRO;SE0012229920
16768833;Ferronordic AB;FNM;SE0005468717
16597596;Filo Mining Corp;FIL;CA31730E1016
16617800;Finepart;FINE;SE0009189442
16100412;Fingerprint Cards AB ser. B;FING B;SE0008374250
16100680;Firefly AB;FIRE;SE0000395428
17513027;First Venture Sweden AB ser. B;FIRST B;SE0016075451
17594853;Flat Capital AB ser. B;FLAT B;SE0016609846
17117957;Fleming Properties;FLMNG;SE0013042561
16886100;Flexion Mobile Plc;FLEXM;GB00BZ1MDB19
16781850;FlexQube AB;FLEXQ;SE0010547075
16287741;Flowscape;FLOWS;SE0005937117
16836848;Fluicell AB;FLUI;SE0010831321
17446260;FluoGuide A/S;FLUO;DK0061123312
16685602;FM Mattsson Mora Group AB, ser. B;FMM B;SE0001116021
16425351;Footway Group AB Pref;FOOT PREF;SE0007186176
16964375;Footway Group AB ser. B;FOOT B;SE0011563295
16101379;Formpipe Software AB;FPIP;SE0001338039
17304611;Fortinova Fastigheter AB ser. B;FNOVA B;SE0014608915
17668119;Fortnox AB;FNOX;SE0017161243
17440100;Fractal Gaming Group AB;FRACTL;SE0015504477
17495550;Fragbite Group AB;FRAG;SE0015949334
16757813;Fram Skandinavien AB ser. B;FRAM B;SE0010296269
16888346;Free2move Holding;F2M;SE0011414283
16866751;Freemelt Holding AB;FREEM;SE0011167170
16339479;Freja eID Group AB;FREJA;SE0015950308
16394564;FRISQ Holding AB;FRISQ;SE0006994539
16224148;Front Ventures B;FRNT B;SE0005337920
17576959;FSport AB;FSPORT;SE0016288641
16087243;Future Gaming Group;FGG;SE0002209155
16846430;FUUD AB;FUUD;SE0015988134
16102805;FX International;FXI;SE0003787555
16099998;Götenehus Group AB ser. B;GHUS B;SE0001799636
16845390;Gabather AB;GABA;SE0010869552
16829674;Game Chest Group;GAMEC;SE0010820191
16407299;Gaming Corps AB;GCOR;SE0014694691
17020228;Gaming Innovation Group Inc.;GIGSEK;US36467X2062
16608812;Gapwaves AB B;GAPW B;SE0009155518
16520706;Garo AB;GARO;SE0015812417
16605224;Gasporox AB;GPX;SE0008991624
16100694;Generic Sweden AB;GENI;SE0001790791
16102004;Genesis IT;GENE;SE0000661613
17298256;Genova Property Group AB;GPG;SE0007184189
16099826;Genovis AB;GENO;SE0002485979
16674030;GET Group;GETG;SE0009690811
16086925;Getinge AB ser. B;GETI B;SE0000202624
16100664;GHP Specialty Care AB;GHP;SE0002579912
16111840;Glycorex Transplantation B;GTAB B;SE0000524530
17527622;Godsinlösen Nordic AB;GIAB;SE0016101760
16572033;Gold Town Games;GTG;SE0008587117
16860411;Gomero Group;GOMERO;SE0011167535
16554803;GomSpace Group AB;GOMX;SE0008348304
17480262;Goobit Group AB;BTCX;SE0015837752
16750575;Goodbye Kansas Group AB;GBK;SE0010270793
17338164;GPX Medical AB;GPXMED;SE0014829255
16323790;Gränges AB;GRNG;SE0006288015
16480122;Grängesberg Exploration Holding;GRANGX;SE0007789417
16287318;Greater Than AB;GREAT;SE0005881554
16843218;Green Landscaping Group AB;GREEN;SE0010985028
16277450;Guard Therapeutics International AB;GUARD;SE0009973357
16248017;Guideline Geo AB;GGEO;SE0005562014
16086930;Gullberg & Jansson;GJAB;SE0004576346
16700520;H&D Wireless Sweden Holding AB ser. B;HDW B;SE0009889405
16407672;Hövding Sverige AB;HOVD;SE0007075262
16088882;Haldex AB;HLDX;SE0000105199
17759787;Halmslätten;HALMEN;SE0017859606
17461337;Hamlet Pharma B;HAMLET B;SE0015661152
16100427;Hansa Biopharma AB;HNSA;SE0002148817
16287964;Hanza Holding AB;HANZA;SE0005878543
16099807;Havsfrun Investment AB ser. B;HAV B;SE0000312043
17588510;Haypp Group AB;HAYPP;SE0016829469
16455713;Headsent AB;HEAD;SE0007439633
16099809;Heba Fastighets AB ser. B;HEBA B;SE0012676336
16481263;Hedera Group AB;HEGR;SE0007815113
16405102;Heimstaden AB Pref;HEIM PREF;SE0015949037
16294042;Heliospectra AB;HELIO;SE0005933082
16655808;Hemcheck Sweden AB;HEMC;SE0009320278
17487722;Hemnet Group AB;HEM;SE0015671995
17411392;Hemply Balance Holding;HMPLY;SE0014402400
16099811;Hennes & Mauritz AB, H & M ser. B;HM B;SE0000106270
17150968;Herantis Pharma Oyj;HRNTS;FI4000087861
16090266;Hexagon AB ser. B;HEXA B;SE0015961909
16103080;Hexatronic Group AB;HTRO;SE0002367797
16164249;Hexicon AB;HEXI;SE0004898799
16404884;HEXPOL AB ser. B;HPOL B;SE0007074281
16100666;Hifab Group AB ser. B;HIFA B;SE0000483943
16157002;High Coast Distillery AB ser. B;HIGHCO B;SE0003848613
17536701;Hilbert Group AB ser. B;HILB B;SE0016278154
16100429;HMS Networks AB;HMS;SE0009997018
17633830;HODL SPAC Europe;HODL;SE0017131865
16383538;Hoist Finance AB;HOFI;SE0006887063
16102529;Holmen AB ser. A;HOLM A;SE0011090000
16102537;Holmen AB ser. B;HOLM B;SE0011090018
16099703;HomeMaid B;HOME B;SE0001426131
16918608;Hoodin;HOODIN;SE0011415249
16661604;Hoylu AB;HOYLU;SE0009581192
17274187;Hoylu AB BTA;HOYLU BTA;SE0014401725
17459194;Hubbster Group;HUBS;SE0015194659
16784343;Hubso Group;HUBSO;SE0009806177
16090588;Hufvudstaden AB ser. A;HUFV A;SE0000170375
16524827;Humana AB;HUM;SE0008040653
16321359;Humble Group AB;HUMBLE;SE0006261046
16099787;Husqvarna AB ser. A;HUSQ A;SE0001662222
16099788;Husqvarna AB ser. B;HUSQ B;SE0001662230
17408055;Hybricon;HYCO;SE0015345897
16863190;I-Tech AB;ITECH;SE0011167725
16284251;I.A.R Systems Group AB ser. B;IAR B;SE0005851706
16836226;Iconovo AB;ICO;SE0010868943
17277730;Idogen AB;IDOGEN;SE0014428561
17154183;Idun Industrier AB ser. B;IDUN B;SE0013512464
16300266;Igrene;ABI;SE0006091476
16330035;Image Systems AB;IS;SE0006421871
16466299;IMINT Image Intelligence;IMINT;SE0007692124
16164971;Immunicum AB;IMMU;SE0005003654
16301044;Immunovia AB;IMMNOV;SE0006091997
16101794;Impact Coatings AB;IMPC;SE0001279142
17351827;Implantica AG SDB;IMP A SDB;SE0014855029
16154508;Implementa Sol B;IMSOL B;SE0000689978
17005308;Imsys;IMSYS;SE0011643410
16605710;InDex Pharmaceuticals Holding AB;INDEX;SE0008966295
16102114;Industrivärden, AB ser. A;INDU A;SE0000190126
16102232;Industrivärden, AB ser. C;INDU C;SE0000107203
16096164;Indutrade AB;INDT;SE0001515552
16529666;Infant Bacterial Therapeutics AB ser. B;IBT B;SE0008015259
16759953;Infracom;INFRA;SE0010414573
16823462;Infrea AB;INFREA;SE0010600106
16725568;Inhalation Sciences;ISAB;SE0009983893
16411144;Inission AB ser. B;INISS B;SE0016275069
16644988;Initiator Pharma A/S;INIT;DK0060775872
16395804;Insplorion AB;INSP;SE0006994943
16695756;Instalco AB;INSTAL;SE0017483506
16694362;Integrum AB ser. B;INTEG B;SE0009807266
17513507;Intellego Technologies AB;INT;SE0016075063
16693702;International Petroleum Corporation;IPCO;CA46016U1084
16666803;Intervacc AB;IVACC;SE0009607252
16100507;Intrum AB;INTRUM;SE0000936478
16464374;Invent Medic;IMS;SE0007603402
17141040;Investment AB Spiltan;SPLTN;SE0013382546
16102274;Investor AB ser. A;INVE A;SE0015811955
16102308;Investor AB ser. B;INVE B;SE0015811963
16099773;INVISIO AB;IVSO;SE0001200015
16321548;Inwido AB;INWI;SE0006220018
17056844;Inzile AB;INZILE;SE0012570208
16227590;Irisity AB;IRIS;SE0005365681
16657297;IRLAB Therapeutics AB ser. A;IRLAB A;SE0012675361
16548467;IRRAS AB;IRRAS;SE0008321202
16662332;Isofol Medical AB;ISOFOL;SE0009581051
16684022;ISR Immune System Regulation Holding AB;ISR;SE0008212195
16287961;ITAB Shop Concept AB;ITAB;SE0015962097
16102755;iZafe Group AB ser. B;IZAFE B;SE0003656834
16963493;Jetpak Top Holding AB;JETPAK;SE0012012508
16099888;JLT Mobile Computers AB;JLT;SE0000725624
16100473;JM AB;JM;SE0000806994
17032612;John Mattson Fastighetsföretagen AB;JOMA;SE0012481364
16100361;Jojka;JOJK;SE0002017707
16851615;JonDeTech Sensors AB;JDT;SE0009662554
17338722;JS Security;JSSEC;SE0014829495
16565311;Jumpgate;GATE;SE0008435044
17155326;K-Fast Holding AB B;KFAST B;SE0016101679
16376622;K2A Knaust & Andersson Fastigheter  Pref;K2A PREF;SE0006852075
17062089;K2A Knaust & Andersson Fastigheter B;K2A B;SE0010520254
16099735;KABE Group AB ser. B;KABE B;SE0000107724
16102549;Kakel Max AB;KAKEL;SE0009921075
16275767;Kallebäck Property Invest AB;KAPIAB;SE0005704079
16290321;Kambi Group Plc;KAMBI;MT0000780107
16102600;Kancera AB;KAN;SE0015658570
17024707;Karnov Group AB;KAR;SE0012323715
16442316;Karo Pharma AB;KARO;SE0007464888
16102806;Karolinska Development AB ser.B;KDEV;SE0002190926
17574488;Katalysen Ventures;KAV;SE0016798045
17084630;KebNi AB ser. B;KEBNI B;SE0012904803
16213692;Kentima Holding AB;KENH;SE0005100757
17529428;Kiliaro AB;KILI;SE0016275333
16491005;Kindred Group plc;KIND SDB;SE0007871645
16099817;Kinnevik AB ser. A;KINV A;SE0015810239
16099821;Kinnevik AB ser. B;KINV B;SE0015810247
17573312;Kjell Group AB;KJELL;SE0016797591
17297885;KlaraBo Sverige AB ser. B;KLARA B;SE0010832287
17355292;Klimator;KLIMAT;SE0014401329
16100305;Knowit AB;KNOW;SE0000421273
17154177;Kollect on Demand Holding AB;KOLL;SE0013512019
16402044;Kontigo Care AB;KONT;SE0007075247
16112303;Kopparbergs B;KOBR B;SE0000500779
16101893;Kopy Goldfields AB;KOPY;SE0002245548
17473877;Krona Public Real Estate;KRONA;SE0015657895
17624199;Kvix;KVIX;SE0016610083
16457210;Lagercrantz Group AB ser B;LAGR B;SE0014990966
16100076;Lammhults Design Group AB ser. B;LAMM B;SE0000386138
16099736;Latour, Investmentab. ser. B;LATO B;SE0010100958
16086931;Latvian Forest B;LATF B;SE0003883008
16559284;Lauritz.com Group A/S;LAUR;DK0060733368
16111848;LC-Tec Holding;LCT;SE0000619371
16814971;Leading Edge Materials Corp.;LEMSE;CA52171T1003
17654807;Learning 2 Sleep L2S AB;L2S;SE0017083694
16516073;LeoVegas AB;LEO;SE0008091904
16160620;LIDDS AB;LIDDS;SE0001958612
16334653;Lifco AB ser.B;LIFCO B;SE0015949201
17338163;Lifeclean International AB;LCLEAN;SE0014829271
16595537;LightAir;LAIR;SE0008963888
16963771;Lime Technologies AB;LIME;SE0011870195
17513633;Linc AB;LINC;SE0015949433
16100014;Lindab International AB;LIAB;SE0001852419
16421389;Link Prop Investment AB;LINKAB;SE0006993804
17529470;Linkfire A/S;LINKFI;DK0061550811
17036400;Lipidor AB;LIPI;SE0012558617
17426999;Lipigon Pharmaceuticals AB;LPGO;SE0015382072
17471419;Lipum AB;LIPUM;SE0015660899
16445994;Litium AB;LITI;SE0007387246
16819084;Liv ihop AB;LIVI;SE0010769356
17484083;LL Lucky Games AB;LADYLU;SE0015797873
17472746;LMK Group AB;LMKG;SE0015556873
16100344;Logistea AB ser. A;LOGI A;SE0017131329
17624206;Logistea AB ser. B;LOGI B;SE0017131337
17243454;Lohilo Foods AB;LOHILO;SE0014262549
16100709;Loomis AB;LOOMIS;SE0014504817
16515463;Loudspring Plc;LOUDS;FI4000092523
16100454;Lovisagruvan;LOVI;SE0000418873
16081549;Lucara Diamond Corp;LUC;CA54928Q1081
16872467;Lumito;LUMITO;SE0011282847
16099886;Lundbergföretagen AB, L E ser. B;LUND B;SE0000108847
16100594;Lundin Energy AB;LUNE;SE0000825820
16343558;Lundin Gold Inc.;LUG;CA5503711080
16101704;Lundin Mining Corporation;LUMI;CA5503721063
17371165;Luxbright AB;LXB;SE0015192075
17669292;Lyckegård Group AB;LYGRD;SE0017160575
16784340;Lyko Group AB ser. A;LYKO A;SE0010468918
16951688;M.O.B.A. Network AB;MOBA;SE0016277909
16609096;Mälaråsen;MALAR;SE0008937411
16081841;Mackmyra Svensk Whisky AB B;MACK B;SE0000731747
16784135;MAG Interactive AB;MAGI;SE0010520908
17283474;Magle Chemoswed Holding AB;MAGLE;SE0014401014
16561151;Maha Energy AB;MAHA A;SE0008374383
16100306;Malmbergs Elektriska AB ser. B;MEAB B;SE0000507659
16087136;Mangold AB;MANG;SE0001449380
16671302;Mantex AB;MANTEX;SE0009663339
17495548;Maven Wireless Sweden AB;MAVEN;SE0015961180
16287957;Mavshack AB;MAV;SE0005992419
17395495;MBRS Group;MBRS;SE0015194832
16099803;MedCap AB;MCAP;SE0009160872
16649324;Medclair Invest;MCLR;SE0009190572
16084844;Medfield;MEDF;SE0004479046
17592412;Medhelp Care AB;MEDHLP;SE0016799001
17360512;Media and Games Invest SE;M8G;MT0000580101
16488859;Mediacle Group;MEGR;SE0007705074
16111998;MedicaNatumin;MEDNA;SE0001789793
16697408;Medicover AB ser. B;MCOV B;SE0009778848
16100004;Medimi;MEDIMI;SE0001860511
16099918;Medivir AB ser. B;MVIR B;SE0000273294
16100428;Mekonomen AB;MEKO;SE0002110064
16561146;Meltron;MLTR;SE0008405799
17052840;Mentice AB;MNTC;SE0012673291
17622481;Mestro AB;MESTRO;SE0017071020
16154875;Metacon;META;SE0003086214
16081873;Micro Systemation AB B;MSAB B;SE0000526626
16101333;Micropos Medical;MPOS;SE0002834507
16100348;Midsona AB ser. B;MSON B;SE0000565228
16873626;Midsummer AB;MIDS;SE0011281757
16093721;Midway Holding AB ser. A;MIDW A;SE0000122657
16096085;Midway Holding AB ser. B;MIDW B;SE0000122673
17517206;Mildef Group AB;MILDEF;SE0016074249
16099765;Millicom International Cellular S.A. SDB;TIGO SDB;SE0001174970
16456124;Minesto AB;MINEST;SE0007578141
16680540;Mips AB;MIPS;SE0009216278
17454733;Miris Holding;MIR;SE0015657820
16100333;Misen Energy AB;MISE;SE0001486952
16102947;Moberg Pharma AB;MOB;SE0013121340
17485625;Modelon AB ser. B;MODEL B;SE0015948591
16290324;Modern Ekonomi Sverige Holding AB;ME;SE0005991601
16100320;Modern Times Group MTG AB ser. A;MTG A;SE0000412363
16100322;Modern Times Group MTG AB ser. B;MTG B;SE0000412371
17532583;Modus Therapeutics Holding AB;MODTX;SE0015987904
16099729;Moment Group AB;MOMENT;SE0000680902
17732925;Momentum Group AB ser. B;MMGR B;SE0017562523
17636945;Momentum Software Group AB;MSOFT;SE0017070907
17184291;Monivent;MONI;SE0013512282
16278094;Motion Display;MODI;SE0005798923
17683922;Move About Group AB;MOV;SE0016830335
17511165;MoveByBike;MBBAB;SE0015988100
17638080;MTI Investment SE;MTI;SE0017105539
16100380;MultiQ International AB;MULQ;SE0000353898
16700567;Munters Group AB;MTRS;SE0009806607
16100409;Mycronic AB;MYCR;SE0000375115
16247831;myFC Holding AB;MYFC;SE0005505898
16407687;Nanexa AB;NANEXA;SE0007074166
16087392;NanoCap Group B;NANOCAP B;SE0004020931
16943394;Nanoform Finland Oyj;NANOFS;FI4000330972
16238107;Nanologica AB;NICA;SE0005454873
17616055;Nattaro Labs;NATTA;SE0016844534
16100310;NAXS AB;NAXS;SE0001965369
16874577;NCAB Group AB;NCAB;SE0017160773
16096427;NCC AB ser. A;NCC A;SE0000118952
16099106;NCC AB ser. B;NCC B;SE0000117970
16100312;Nederman Holding AB;NMAN;SE0011204510
16102276;Nelly Group AB;NELLY;SE0015245535
16948484;NeoDynamics AB;NEOD;SE0011563410
16518121;Nepa AB;NEPA;SE0008066302
16100331;Net Insight AB ser. B;NETI B;SE0000366098
17599682;Netel Holding AB;NETEL;SE0016798417
16099907;NetJobs Group AB;NJOB;SE0001790346
16706859;Netmore Group AB ser. B;NETM B;SE0009921976
17621033;New Bubbleroom Sweden AB;BBROOM;SE0016288476
16100130;New Nordic Healthbrands AB;NNH;SE0001838038
16099739;New Wave Group AB ser. B;NEWA B;SE0000426546
17476083;Newbury Pharmaceuticals AB;NEWBRY;SE0015244884
16712622;News55;N55;SE0009889934
16187189;Nexam Chemical Holding AB;NEXAM;SE0005101003
16635986;Nexar Group;NXAR;SE0009346109
16335881;Nexstim Oyj;NXTMS;FI4000506811
16684562;NextCell Pharma AB;NXTCL;SE0009723125
17391577;NFO Drives;NFO;SE0015193800
17487754;Ngenic AB;NGENIC;SE0015812573
16111842;NGS Group AB;NGS;SE0009947708
16099742;NIBE Industrier AB ser. B;NIBE B;SE0015988019
16247832;Nicoccino Holding AB;NICO;SE0005506185
16406255;Nilörngruppen AB ser. B;NIL B;SE0007100342
17489445;Nilar International AB;NILAR;SE0015950001
16475395;Nilsson Special Vehicles AB;NILS;SE0007702949
17438376;Nimbus Group AB;BOAT;SE0015407390
16099883;Nischer Properties;NIS;SE0000308298
16700281;Nitro Games Oyj;NITRO;FI4000242961
17617661;Nivika Fastigheter AB ser. B;NIVI B;SE0017083272
16100508;Nobia AB;NOBI;SE0000949331
16100328;Nokia Corporation;NOKIA SEK;FI0009000681
16099743;Nolato AB ser. B;NOLA B;SE0015962477
17150954;Nord Insuretech Group AB;NORDIG;SE0013486255
16102499;Nordea Bank Abp;NDA SE;FI4000297767
17564985;Nordic Asia Investment Group 1987 AB B;NAIG B;SE0016609333
17022374;Nordic Entertainment Group AB ser. A;NENT A;SE0012324226
17022638;Nordic Entertainment Group AB ser. B;NENT B;SE0012116390
16100430;Nordic Flanges Group AB;NFGAB;SE0001994658
16907560;Nordic Iron Ore AB;NIO;SE0011528017
16081559;Nordic LEVEL Group AB;LEVEL;SE0012313302
17367134;Nordic Paper Holding AB;NPAPER;SE0014808838
17395092;Nordic Waterproofing Holding AB;NWG;SE0014731089
17511195;Nordisk Bergteknik AB ser. B;NORB B;SE0015812128
17609293;Norditek Group AB;NOTEK;SE0016843486
17385289;Nordnet AB;SAVE;SE0015192067
16338368;Norse Impact;NORSE;SE0006261038
16101729;Northbaze Group AB;NBZ;SE0003204908
17296013;Northern CapSek Ventures;CAPS;SE0014452942
17686504;Northgold AB;NG;SE0017131071
17638737;Norva24 Group AB;NORVA;SE0017084759
17705066;NOSIUM B;NOSIUM B;SE0017564271
16100667;NOTE AB;NOTE;SE0001161654
16100362;NOVOTEK AB ser. B;NTEK B;SE0000567752
16100327;Novus Group;NOVU;SE0001989260
17461367;Nowonomics;NOWO;SE0015660840
16324047;NP3 Fastigheter AB;NP3;SE0006342333
16832793;NP3 Fastigheter AB Pref;NP3 PREF;SE0010820514
16960446;Nyfosa AB;NYF;SE0011426428
16112183;Obducat B;OBDU B;SE0000514705
16636531;Obducat PREF B;OBDU PREF B;SE0009357536
16782029;ObsteCare;OBST;SE0010598573
17165408;ODI Pharma;ODI;SE0013409760
17491079;Odinwell;ODIN;SE0015809967
17761222;OEM International AB IL B;OEM IL B;SE0017766868
16284418;OEM International AB ser. B;OEM B;SE0017766843
16100285;Ogunsen AB ser. B;OGUN B;SE0008406151
16712865;OmniCar;OMNI;SE0009997331
16662307;Oncopeptides AB;ONCO;SE0009414576
17432381;OncoZenge AB;ONCOZ;SE0015504097
17705067;Oneflow AB;ONEF;SE0017564461
16100303;Online Brands Nordic AB;OBAB;SE0017133838
17617663;Opter AB;OPTER;SE0016829501
16285359;OptiCept Technologies AB;OPTI;SE0005881786
16099702;Orexo AB;ORX;SE0000736415
16342046;OrganoClick AB;ORGC;SE0006510335
16099986;Ortivus AB ser. A;ORTI A;SE0000188930
16099994;Ortivus AB ser. B;ORTI B;SE0000123085
16263964;Ortoma B;ORT B;SE0005676103
16266014;Oscar Properties Holding AB;OP;SE0016278303
17041659;OssDsign AB;OSSD;SE0012570448
16866727;Ovzon AB;OVZON;SE0010948711
17528147;OX2 AB;OX2;SE0016075337
16714414;OXE Marine AB;OXE;SE0009888613
17592405;Pagero Group AB;PAGERO;SE0016830517
16411093;Pandox AB ser. B;PNDX B;SE0007100359
16548250;Paradox Interactive AB;PDX;SE0008294953
17595420;Partytajm International;PARTY;SE0013409273
16704204;Paxman AB;PAX;SE0009806284
17634395;Paydrive;PYDR;SE0017084288
17120059;Paynova;PAY;SE0013108867
16099746;Peab AB ser. B;PEAB B;SE0000106205
16419324;Pegroco Invest AB Pref;PEGRO PREF;SE0007100540
16287543;Peptonic Medical;PMED;SE0005962206
17513530;Permascand Top Holding AB;PSCAND;SE0015962048
16451682;PExA;PEXA B;SE0007412374
16100593;Pfizer Inc.;PFE;US7170811035
16863460;Pharmacolog i Uppsala AB ser. B;PHLOG B;SE0011178763
16101839;PharmaLundensis;PHAL;SE0003359710
17435158;Pharmiva AB;PHARM;SE0015530670
16256886;Phase Holographic;PHI;SE0005504636
16472808;Photocat A/S;PCAT;DK0060668796
17520513;Physitrack PLC;PTRK;GB00BK80TJ35
17468684;Pierce Group AB;PIERCE;SE0015658364
17528189;PILA PHARMA AB;PILA;SE0015988274
16248908;Platzer Fastigheter Holding AB ser. B;PLAZ B;SE0004977692
16516082;Plejd;PLEJD;SE0008014476
17468681;Plexian AB;PLEX;SE0015659941
17043837;PolarCool;POLAR;SE0012570422
17753342;PolarCool BTA;POLAR BTA;SE0017830979
16476925;Polygiene AB;POLYG;SE0007692157
17450511;Polymer Factory;POLYMER;SE0015244470
16252578;Polyplank AB;POLY;SE0005569290
16100360;Poolia AB ser. B;POOL B;SE0000567539
16348654;PowerCell Sweden AB;PCELL;SE0006425815
16474647;Prebona;PREBON;SE0007692884
16100719;Precio Fishbone AB ser. B;PRCO B;SE0000141137
16100451;Precise Biometrics AB;PREC;SE0001823303
16302068;Precomp Solutions AB ser. B;PCOM B;SE0006091724
16321360;Premium Snacks Nordic AB;SNX;SE0006260865
16714221;Preservia Hyresfastigheter PREF;PHYR PREF;SE0009973365
16100031;Prevas AB ser. B;PREV B;SE0000356008
16100038;Pricer AB ser. B;PRIC B;SE0000233934
16100363;Proact IT Group AB;PACT;SE0015961222
16101690;Probi AB;PROB;SE0001280355
16099747;ProfilGruppen AB ser. B;PROF B;SE0000393860
17534313;Profoto Holding AB;PRFO;SE0015962147
16888374;Projektengagemang Sweden AB ser. B;PENG B;SE0011337666
16156417;Prolight Diagnostics;PRLD;SE0003618230
17707017;Promimic AB;PRO;SE0017487242
16712868;Promore Pharma AB;PROMO;SE0009947740
16145803;ProstaLund AB;PLUN;SE0002372318
17350501;Prostatype Genomics AB;PROGEN;SE0014684569
16554781;Provide IT;PROVIT;SE0008321418
17673691;Purefun Group AB;PURE;SE0017232838
16963499;Q-Linea AB;QLINEA;SE0011527845
16418661;QBank;QBNK;SE0007278726
17520485;Qbrick;QBRICK;SE0015962105
16749693;Qiiwi Games AB;QIIWI;SE0010245373
17156969;QleanAir AB;QAIR;SE0013382066
17152238;QLife Holding AB;QLIFE;SE0013486552
17356444;Qliro AB;QLIRO;SE0013719077
16257552;Qlosr Group B;QLOSR B;SE0005594801
17591296;Qlucore AB;QCORE;SE0016829824
16721717;Quartiers Properties AB;QUART;SE0009697204
16680545;Quartiers Properties AB Pref;QUART PREF;SE0009697212
16103677;QuiaPEG Pharmaceuticals Holding AB;QUIA;SE0001384850
16816742;Quickbit;QBIT;SE0010662585
16100422;Railcare Group AB;RAIL;SE0010441139
16888355;Raketech Group Holding plc;RAKE;MT0001390104
17539759;Randviken Fastigheter AB;RFAST;SE0016128169
16874429;Ranplan Group AB;RPLAN;SE0011178201
16100045;Ratos AB ser. A;RATO A;SE0000191090
16100055;Ratos AB ser. B;RATO B;SE0000111940
16100162;RaySearch Laboratories AB ser. B;RAY B;SE0000135485
16927832;Raytelligence;RAYTL;SE0011721356
17379158;Re:NewCell AB;RENEW;SE0014960431
17342045;Readly International AB;READ;SE0014855292
16504750;Real Fastigheter B;REAL B;SE0007922885
16700284;Realfiction Holding AB;REALFI;SE0009920994
17337787;Recyctec B;RECY B;SE0014808978
16417432;Redsense Medical;REDS;SE0006965158
16554796;Redwood Pharma AB;REDW;SE0008294789
16100063;Rejlers AB ser. B;REJL B;SE0000123671
17745031;Renewable Ventures Nordic;RVN;SE0017768658
16161923;Rentunder Holding;RENT;SE0004548451
16087084;Respiratorius;RESP;SE0004550192
17633031;Resqunit AB;RESQ;SE0017131220
16542370;Resurs Holding AB;RESURS;SE0007665823
16496681;RhoVac;RHOVAC;SE0007784319
16099766;Rizzo Group AB ser. B;RIZZO B;SE0016276109
16194529;RLS Global AB;RLS;SE0005190725
16099759;Rolling Optics Holding AB;RO;SE0010520155
16099748;Rottneros AB;RROS;SE0000112252
17458501;RugVista Group AB;RUG;SE0015659834
17519190;RVRC Holding AB;RVRC;SE0015962485
17568009;Söder Sportfiske AB;SODER;SE0016276539
16943386;S2Medical AB ser. B;S2M;SE0011725084
16100088;SAAB AB ser. B;SAAB B;SE0000112385
16221666;Safe at Sea;SAFE;SE0005308632
16101840;Safe Lane Gaming B;SLG B;SE0002081166
17486980;Safello Group AB;SFL;SE0015346895
16325685;Safeture AB;SFTR;SE0006117297
16100420;Sagax AB A;SAGA A;SE0004635878
16187640;Sagax AB B;SAGA B;SE0005127818
16623140;Sagax AB D;SAGA D;SE0009161052
16222219;SaltX Technology Holding AB ser. B;SALT B;SE0005308541
16335289;Samhällsbyggnadsbo. i Norden AB ser. B;SBB B;SE0009554454
16971864;Samhällsbyggnadsbo. i Norden AB ser. D;SBB D;SE0011844091
16635983;Samtrygg Group B;SAMT B;SE0009267834
16100423;Sandvik AB;SAND;SE0000667891
16275883;Saniona AB;SANION;SE0005794617
16645170;SARSYS-ASFT;SARS;SE0009320294
16100489;SAS AB;SAS;SE0003366871
17494854;SaveLend Group AB;YIELD;SE0015961024
16384190;Savosolar Plc;SAVOS;FI4000425848
16323792;Saxlund Group AB;SAXG;SE0008966014
16101579;ScandBook Holding AB;SBOK;SE0003175660
16298979;Scandi Standard AB;SCST;SE0005999760
16475381;Scandic Hotels Group AB;SHOT;SE0007640156
16269404;ScandiDos AB;SDOS;SE0005768124
17393477;Scandinavian Biogas Fuels Int. AB;BIOGAS;SE0015242896
16623609;Scandinavian ChemoTech AB B;CMOTEC B;SE0009242654
16278401;Scandinavian Enviro Systems AB;SES;SE0005877560
16325340;Scandinavian Real Heart AB;HEART;SE0006256798
16933212;Scandion Oncology A/S;SCOL;DK0061031895
16408150;Scibase Holding AB;SCIB;SE0007045414
16781397;Scout Gaming Group AB;SCOUT;SE0010521153
16369987;Sdiptech AB Pref;SDIP PREF;SE0006758348
16156523;Sdiptech AB ser. B;SDIP B;SE0003756758
16684433;Seafire AB;SEAF;SE0009779796
16724082;Seamless Distribution Systems AB;SDS;SE0009994445
16633683;SeaTwirl AB;STW;SE0009242175
16668554;SECITS Holding AB;SECI;SE0009664436
16454997;SECTRA AB ser B;SECT B;SE0016278196
16081618;Securitas AB ser. B;SECU B;SE0000163594
16713467;Sedana Medical AB;SEDANA;SE0015988373
17054660;SelectImmune Pharma;SELECT B;SE0012622785
16100104;Semcon AB;SEMC;SE0000379497
17713959;Sensidose;SENSI;SE0017232671
16101254;SensoDetect;SDET;SE0003037456
17470425;Sensor Alarm;SELARM;SE0015657663
16100463;Sensys Gatso Group AB;SENS;SE0000567729
16734809;SenzaGen AB;SENZA;SE0010219626
16100641;Senzime AB;SEZI;SE0002478776
16628945;Serneke Group AB B;SRNKE B;SE0007278841
16227329;Serstech AB;SERT;SE0005365095
16103070;ShaMaran Petroleum Corp;SNM;CA8193201024
16556737;Shortcut Media;SMG;SE0008347462
17600815;SHT Smart High-Tech B;SHT B;SE0016843809
17622488;SignUp Software AB;SIGNUP;SE0017085020
16514157;Simris Alg AB ser. B;SIMRIS B;SE0008091664
16454998;Sinch AB;SINCH;SE0016101844
16100127;SinterCast AB;SINT;SE0000950982
16112655;Sivers Semiconductors AB;SIVE;SE0003917798
16497068;Sjöstrand Coffee B;SCC B;SE0007897764
16099882;Skåne-möllan AB;SKMO;SE0017885338
16102719;Skandinaviska Enskilda Banken ser. A;SEB A;SE0000148884
16102774;Skandinaviska Enskilda Banken ser. C;SEB C;SE0000120784
16102856;Skanska AB ser. B;SKA B;SE0000113250
16102924;SKF, AB ser. A;SKF A;SE0000108201
16103003;SKF, AB ser. B;SKF B;SE0000108227
16099756;SkiStar AB ser. B;SKIS B;SE0012141687
17515516;Sleep Cycle AB;SLEEP;SE0015961404
16393762;Slitevind AB;SLITE;SE0006964847
16099892;Slottsviken B;SLOTT B;SE0000102857
16624497;Smart Eye AB;SEYE;SE0009268279
17675432;SMART VALOR AG SDB;SMART SDB;SE0017133820
17508105;Smart Wires Technology Ltd SDB;GOGRID SDB;SE0015962345
16819998;Smoltek;SMOL;SE0010820381
17122014;SOCIALLITE US;SOCIAL;SE0013235553
16100292;Softronic AB ser. B;SOF B;SE0000323305
17635770;Solid Försäkringsaktiebolag;SFAB;SE0017082548
17602480;SolidX;SOLIDX;SE0016797971
16608497;Solnaberg Property AB;SOLNA;SE0009155211
16228994;SolTech Energy Sweden AB;SOLT;SE0005392537
16661523;Sonetel AB;SONE;SE0009580517
16111852;Sotkamo Silver;SOSI;SE0001057910
17546256;Sound Dimension;SOUND;SE0016589063
17480263;SOZAP AB;SOZAP;SE0015812524
17619829;Spacett;SPAC1;SE0017083355
16098810;Spago Nanomedical AB;SPAGO;SE0004899474
16420737;SpectraCure AB;SPEC;SE0007158118
16391933;SpectrumOne AB;SPEONE;SE0006994448
16101298;Speqta AB;SPEQT;SE0003036821
17426998;Spermosens;SPERM;SE0015346424
16384434;Spiffbet AB;SPIFF;SE0006913497
17314802;Spotlight Group;SPGR;SE0014704763
16325699;Sprint Bioscience AB;SPRINT;SE0006343745
16103062;SSAB AB ser. A;SSAB A;SE0000171100
16103134;SSAB AB ser. B;SSAB B;SE0000120669
16100415;Star Vault B;STVA B;SE0002149369
16412216;Starbreeze AB ser. A;STAR A;SE0007158928
16290228;Starbreeze AB ser. B;STAR B;SE0005992831
17155746;Stayble Therapeutics AB;STABL;SE0013513652
16348085;Stendörren Fastigheter AB ser. B;STEF B;SE0006543344
17361530;Stenhus Fastigheter i Norden AB;SFAST;SE0014956819
16099709;Stille AB;STIL;SE0000998650
16476927;Stillfront Group AB;SF;SE0015346135
16099831;Stockwik Förvaltning AB;STWK;SE0012257970
16100294;Stora Enso Oyj ser. A;STE A;FI0009007603
16100295;Stora Enso Oyj ser. R;STE R;FI0009007611
17588509;Storskogen Group AB ser. B;STOR B;SE0016797732
16440273;Storytel AB ser. B;STORY B;SE0007439443
16240896;Strax AB;STRAX;SE0012040459
17400040;Streamify;STREAM;SE0015244462
16330520;Studentbostäder i Norden AB;STUDBO;SE0015657697
16100472;Studsvik AB;SVIK;SE0000653230
17599093;Sun4Energy Group;SUN4;SE0016609911
16707648;Surgical Science Sweden AB;SUS;SE0014428512
16921224;Sustainable Energy Solutions Sweden Holding;SUST;SE0011643980
16102756;Sustainion;SUSG;SE0002067421
16099751;Svedbergs i Dalstorp AB ser. B;SVED B;SE0000407991
16530752;Svenska Aerogel Holding AB;AERO;SE0008212161
16103168;Svenska Cellulosa AB SCA ser. A;SCA A;SE0000171886
16103217;Svenska Cellulosa AB SCA ser. B;SCA B;SE0000112724
16405089;Svenska Handelsbanken ser. A;SHB A;SE0007100599
16405091;Svenska Handelsbanken ser. B;SHB B;SE0007100607
17377899;Svenska Nyttobostäder AB;NYTTO;SE0014808853
17377900;Svenska Nyttobostäder AB Pref;NYTTO PREF;SE0014808861
16099752;Svolder AB ser. A;SVOL A;SE0017161441
16099754;Svolder AB ser. B;SVOL B;SE0017161458
16100146;SWECO AB ser. A;SWEC A;SE0014960365
16100155;SWECO AB ser. B;SWEC B;SE0014960373
16102010;Swedbank AB ser A;SWED A;SE0000242455
16556005;Swedencare AB;SECARE;SE0015988167
17713957;Swedish Logistic Property AB ser. B;SLP B;SE0017565476
16103491;Swedish Match AB;SWMA;SE0015812219
16099829;Swedish Orphan Biovitrum AB;SOBI;SE0000872095
16609651;Swedish Stirling AB;STRLNG;SE0009143993
16429043;Swemet B;SWEM B;SE0006886917
16528009;Sydsvenska Hem;SYDSV;SE0007897251
16546402;SynAct;SYNACT;SE0008241491
17742774;SynAct BTA;SYNACT BTA;SE0017768963
17349670;Syncro B;SYNC B;SE0014956306
17611476;Synsam AB;SYNSAM;SE0016829709
17503407;SyntheticMR;SYNT;SE0015987946
16100424;Systemair AB;SYSR;SE0016609499
16090663;TagMaster AB ser. B;TAGM B;SE0015950399
16550872;TalkPool AG;TALK;CH0322161768
16672742;Tangiamo Touch Technology AB;TANGI;SE0009664303
16099903;Taurus Energy B;TAUR B;SE0001075102
17527629;tbd30 AB ser. A;TBD30 A;SE0016075246
17360228;TCECUR Sweden A;TCC A;SE0014965604
16816365;Tectona Capital B;TCAB B;SE0006877700
16197376;Tele2 AB ser. A;TEL2 A;SE0005190220
16197377;Tele2 AB ser. B;TEL2 B;SE0005190238
16100435;Telia Company AB;TELIA;SE0000667925
17477293;Tellusgruppen AB;TELLUS;SE0015504519
16781832;Tempest Security AB;TSEC;SE0010469221
17718992;Tendo;TENDO;SE0017486426
17003408;Teqnion AB;TEQ;SE0012308088
16691994;Terranet AB ser. B;TERRNT B;SE0009806045
16656132;Tessin Nordic Holding AB;TESSIN;SE0009522451
16407669;Tethys Oil AB;TETY;SE0015949847
16561287;TF Bank AB;TFBANK;SE0007331608
17510409;TH1NG AB;TH1NG;SE0016074124
16930048;Thinc Jetty;THINC;SE0011644392
16340102;Thule Group AB;THULE;SE0006422390
17385266;Thunderful Group AB;THUNDR;SE0015195888
16100366;TietoEVRY Corporation;TIETOS;FI0009000277
16767872;Time People Group;TPGR;SE0010442962
17053396;Tingsvalvet;TINGS;SE0012621811
17645553;Titania Holding AB ser. B;TITA B;SE0017132129
16391943;Tobii AB;TOBII;SE0002591420
17642128;Tobii Dynavox AB;TDVOX;SE0017105620
16444020;Toleranzia AB;TOL;SE0007438577
16746108;TopRight Nordic;TOPR;SE0010297507
16350164;Torslanda Property Investment AB;TORSAB;SE0013914249
16767851;Touchtech;TOUCH;SE0010414482
16255001;Tourn International AB;TOURN;SE0005568482
16100426;Traction AB ser. B;TRAC B;SE0000391716
16099700;TradeDoubler AB;TRAD;SE0001552357
17084325;Train Alliance Sweden AB ser. B;TRAIN B;SE0012904779
16905524;Trainimal;TRML;SE0011528082
17122833;Transcendent Group AB;TRG;SE0012990646
16950912;Transfer Group;TRNSF;SE0011870757
16623445;Transiro Holding;TIRO;SE0009242027
16393304;Transtema Group AB;TRANS;SE0006758587
17073435;TRATON SE;8TRA;DE000TRAT0N7
16103597;Trelleborg AB ser. B;TREL B;SE0000114837
16844745;Triboron International AB ser. B;TRIBO B;SE0010600429
16384010;Troax Group AB;TROAX;SE0012729366
17593741;Truecaller AB ser. B;TRUE B;SE0016787071
17488823;Twiik AB;TWIIK;SE0015797352
16324396;Umida B;UMIDA B;SE0009190788
16672751;Unibap AB;UNIBAP;SE0009606809
16100060;Unlimited Travel Group AB;UTG;SE0001834821
16962049;Upsales Technology AB;UPSALE;SE0011985514
16720172;Urb-it AB;URBIT;SE0009921034
17516304;USWE Sports AB;USWE;SE0015949771
17752095;Västra Hamnen Corporate Finance AB;VH;SE0017767031
16818530;Västsvensk Logistik;VASLOG;SE0010662437
16504529;Vadsbo Switchtech;VADS;SE0007980362
16099762;VBG GROUP AB ser. B;VBG B;SE0000115107
17536359;VEF AB;VEFAB;SE0016128151
17127192;Veg of Lund AB;VOLAB;SE0013281979
17043586;Vertiseit AB ser. B;VERT B;SE0012481133
16100624;Vestum AB;VESTUM;SE0017134125
16818531;Veteranpoolen B;VPAB B;SE0010663161
16393761;VibroSense Dynamics B;VSD B;SE0006852125
16454996;Vicore Pharma Holding AB;VICO;SE0007577895
16099777;Viking Supply Ships AB ser. B;VSSAB B;SE0010820613
17529626;Vimian Group AB;VIMIAN;SE0015961982
16489162;Vitec Software Group AB ser. B;VIT B;SE0007871363
16100486;Vitrolife AB;VITR;SE0011205202
17643109;Viva Wine Group AB;VIVA;SE0017084361
16101819;Vivesto AB;VIVE;SE0000722365
17299344;VNV Global AB;VNV;SE0014428835
16618548;Vo2 Cap Holding AB;VO2;SE0016802797
16631120;Volati AB;VOLO;SE0009143662
16407310;Volati AB Pref;VOLO PREF;SE0009143670
17610025;Volvo Car AB ser. B;VOLCAR B;SE0016844831
16103646;Volvo, AB ser. A;VOLV A;SE0000115420
16081531;Volvo, AB ser. B;VOLV B;SE0000115446
17356953;Wästbygg Gruppen AB ser. B;WBGR B;SE0014453874
17577381;W5 Solutions AB;W5;SE0016786040
16406504;Wallenstam AB ser. B;WALL B;SE0007074844
16470708;Waystream Holding AB;WAYS;SE0007577077
16100432;Westpay AB;WPAY;SE0002169292
17471375;Wicket Gaming;WIG;SE0015811377
16103135;Wihlborgs Fastigheter AB;WIHL;SE0011205194
16595611;WilLak;WIL;SE0008964266
16418660;Wise Group AB;WISE;SE0007277876
16102281;WntResearch;WNT;SE0003553130
16298939;Wonderful Times Group;WTG;SE0006028577
16100278;XANO Industri AB ser. B;XANO B;SE0012674232
16152610;Xavi Solutionnode B;XAVI B;SE0003088541
16484644;Xbrane Biopharma AB;XBRANE;SE0007789409
16505540;Xintela AB;XINT;SE0007756903
16681165;XMReality AB;XMR;SE0009664188
17602448;XP Chemistries AB;XPC;SE0016787279
17149395;Xpecunia Nordic;XPEC;SE0013460375
16709722;Xspray Pharma AB;XSPRAY;SE0009973563
16090370;Xvivo Perfusion AB;XVIVO;SE0004840718
17438767;Ytrade Group AB;YAYTRD;SE0015504626
16691987;Zaplox AB;ZAPLOX;SE0009722465
17673683;Zazz Energy of Sweden AB ser. B;ZAZZ B;SE0017483175
16464381;Zenergy B;ZENZIP B;SE0010413658
16330848;Zenicor;ZENI;SE0006343984
17498161;Zesec of Sweden;ZESEC;SE0015812540
16927831;Ziccum AB;ZICC;SE0011415595
17119218;ZignSec AB;ZIGN;SE0012930105
16101954;Zinzino AB Ser. B;ZZ B;SE0002480442
17062397;Zoomability;ZOOM;SE0012740074
16929647;Zordix AB ser. B;ZORDIX B;SE0011725506
17183494;Zwipe AS;ZWIPE;NO0010721277